Date,SP500,Dividend,Earnings,Consumer Price Index,Long Interest Rate,Real Price,Real Dividend,Real Earnings,PE10,Dividend Yield
1950/01/01,16.88,1.15,2.34,23.5,2.32,179.46,12.23,24.84,10.75,6.81
1950/02/01,17.21,1.16,2.35,23.5,2.34,182.96,12.33,25.02,10.91,6.74
1950/03/01,17.35,1.17,2.37,23.6,2.36,183.67,12.39,25.09,10.91,6.74
1950/04/01,17.84,1.18,2.43,23.6,2.38,188.86,12.49,25.69,11.18,6.61
1950/05/01,18.44,1.19,2.48,23.7,2.4,194.39,12.54,26.18,11.46,6.45
1950/06/01,18.74,1.2,2.54,23.8,2.42,196.72,12.6,26.66,11.55,6.4
1950/07/01,17.38,1.24,2.6,24.1,2.44,180.17,12.89,26.95,10.54,7.15
1950/08/01,18.43,1.29,2.66,24.3,2.47,189.48,13.23,27.35,11.04,6.98
1950/09/01,19.08,1.33,2.72,24.4,2.49,195.36,13.62,27.85,11.34,6.97
1950/10/01,19.87,1.38,2.76,24.6,2.51,201.8,13.98,28.03,11.66,6.93
1950/11/01,19.83,1.42,2.8,24.7,2.53,200.58,14.4,28.32,11.54,7.18
1950/12/01,19.75,1.47,2.84,25,2.55,197.37,14.69,28.38,11.31,7.44
1951/01/01,21.21,1.49,2.84,25.4,2.57,208.62,14.62,27.9,11.9,7.01
1951/02/01,22,1.5,2.83,25.7,2.58,213.87,14.61,27.54,12.14,6.83
1951/03/01,21.63,1.52,2.83,25.8,2.59,209.46,14.72,27.4,11.84,7.03
1951/04/01,21.92,1.53,2.79,25.8,2.6,212.26,14.85,27.05,11.95,7
1951/05/01,21.93,1.55,2.76,25.9,2.61,211.54,14.92,26.59,11.86,7.05
1951/06/01,21.55,1.56,2.72,25.9,2.62,207.87,15.05,26.24,11.62,7.24
1951/07/01,21.93,1.55,2.65,25.9,2.63,211.54,14.92,25.56,11.78,7.05
1951/08/01,22.89,1.53,2.58,25.9,2.63,220.8,14.79,24.89,12.26,6.7
1951/09/01,23.48,1.52,2.51,26.1,2.64,224.76,14.55,24.03,12.44,6.47
1951/10/01,23.36,1.48,2.49,26.2,2.65,222.75,14.14,23.71,12.31,6.35
1951/11/01,22.71,1.45,2.46,26.4,2.66,214.92,13.69,23.31,11.85,6.37
1951/12/01,23.41,1.41,2.44,26.5,2.67,220.7,13.29,23,12.15,6.02
1952/01/01,24.19,1.41,2.43,26.5,2.68,228.06,13.32,22.88,12.53,5.84
1952/02/01,23.75,1.42,2.41,26.3,2.69,225.61,13.46,22.93,12.36,5.96
1952/03/01,23.81,1.42,2.4,26.3,2.71,226.18,13.49,22.8,12.36,5.96
1952/04/01,23.74,1.43,2.38,26.4,2.72,224.66,13.53,22.52,12.24,6.02
1952/05/01,23.73,1.44,2.36,26.4,2.73,224.57,13.63,22.33,12.2,6.07
1952/06/01,24.38,1.45,2.34,26.5,2.74,229.85,13.67,22.06,12.45,5.95
1952/07/01,25.08,1.45,2.35,26.7,2.75,234.68,13.57,21.96,12.67,5.78
1952/08/01,25.18,1.45,2.35,26.7,2.77,235.61,13.57,22.02,12.68,5.76
1952/09/01,24.78,1.45,2.36,26.7,2.78,231.87,13.57,22.08,12.43,5.85
1952/10/01,24.26,1.44,2.37,26.7,2.79,227,13.44,22.21,12.13,5.92
1952/11/01,25.03,1.42,2.39,26.7,2.81,234.21,13.32,22.33,12.47,5.69
1952/12/01,26.04,1.41,2.4,26.7,2.82,243.66,13.19,22.46,12.93,5.41
1953/01/01,26.18,1.41,2.41,26.6,2.83,245.89,13.24,22.64,13.01,5.39
1953/02/01,25.86,1.41,2.42,26.5,2.8,243.8,13.29,22.82,12.86,5.45
1953/03/01,25.99,1.41,2.43,26.6,2.77,244.11,13.24,22.82,12.83,5.43
1953/04/01,24.71,1.41,2.46,26.6,2.83,232.08,13.27,23.07,12.16,5.72
1953/05/01,24.84,1.42,2.48,26.7,3.05,232.43,13.26,23.24,12.14,5.7
1953/06/01,23.95,1.42,2.51,26.8,3.11,223.27,13.24,23.4,11.62,5.93
1953/07/01,24.29,1.42,2.52,26.8,2.93,226.44,13.24,23.52,11.75,5.85
1953/08/01,24.39,1.42,2.54,26.9,2.95,226.52,13.19,23.56,11.72,5.82
1953/09/01,23.27,1.42,2.55,26.9,2.87,216.12,13.19,23.68,11.14,6.1
1953/10/01,23.97,1.43,2.54,27,2.66,221.8,13.23,23.47,11.39,5.97
1953/11/01,24.5,1.44,2.52,26.9,2.68,227.55,13.37,23.44,11.64,5.88
1953/12/01,24.83,1.45,2.51,26.9,2.59,230.61,13.47,23.31,11.75,5.84
1954/01/01,25.46,1.46,2.52,26.9,2.48,236.46,13.53,23.44,12,5.72
1954/02/01,26.02,1.46,2.54,26.9,2.47,241.66,13.59,23.56,12.22,5.62
1954/03/01,26.57,1.47,2.55,26.9,2.37,246.77,13.65,23.68,12.42,5.53
1954/04/01,27.63,1.46,2.57,26.8,2.29,257.57,13.64,23.99,12.91,5.3
1954/05/01,28.73,1.46,2.6,26.9,2.37,266.83,13.53,24.12,13.31,5.07
1954/06/01,28.96,1.45,2.62,26.9,2.38,268.97,13.47,24.33,13.36,5.01
1954/07/01,30.13,1.46,2.62,26.9,2.3,279.83,13.53,24.36,13.83,4.83
1954/08/01,30.73,1.46,2.63,26.9,2.36,285.41,13.59,24.4,14.04,4.76
1954/09/01,31.45,1.47,2.63,26.8,2.38,293.18,13.7,24.52,14.36,4.67
1954/10/01,32.18,1.49,2.68,26.8,2.43,299.99,13.92,24.95,14.62,4.64
1954/11/01,33.44,1.52,2.72,26.8,2.48,311.74,14.14,25.39,15.12,4.54
1954/12/01,34.97,1.54,2.77,26.7,2.51,327.22,14.41,25.92,15.79,4.4
1955/01/01,35.6,1.55,2.83,26.7,2.61,333.11,14.47,26.51,15.99,4.34
1955/02/01,36.79,1.55,2.9,26.7,2.65,344.25,14.53,27.1,16.44,4.22
1955/03/01,36.5,1.56,2.96,26.7,2.68,341.54,14.6,27.7,16.22,4.27
1955/04/01,37.76,1.56,3.05,26.7,2.75,353.33,14.63,28.51,16.69,4.14
1955/05/01,37.6,1.57,3.13,26.7,2.76,351.83,14.66,29.32,16.52,4.17
1955/06/01,39.78,1.57,3.22,26.7,2.78,372.23,14.69,30.13,17.37,3.95
1955/07/01,42.69,1.59,3.29,26.8,2.9,397.97,14.79,30.7,18.45,3.72
1955/08/01,42.43,1.6,3.37,26.8,2.97,395.54,14.95,31.38,18.22,3.78
1955/09/01,44.34,1.62,3.44,26.9,2.97,411.81,15.05,31.95,18.84,3.65
1955/10/01,42.11,1.63,3.5,26.9,2.88,391.1,15.11,32.51,17.77,3.86
1955/11/01,44.95,1.63,3.56,26.9,2.89,417.48,15.17,33.06,18.84,3.63
1955/12/01,45.37,1.64,3.62,26.8,2.96,422.95,15.29,33.75,18.94,3.61
1956/01/01,44.15,1.67,3.64,26.8,2.9,411.58,15.57,33.96,18.29,3.78
1956/02/01,44.43,1.7,3.67,26.8,2.84,414.19,15.85,34.18,18.27,3.83
1956/03/01,47.49,1.73,3.69,26.8,2.96,442.71,16.13,34.4,19.37,3.64
1956/04/01,48.05,1.75,3.66,26.9,3.18,446.27,16.28,33.99,19.37,3.65
1956/05/01,46.54,1.78,3.63,27,3.07,430.64,16.44,33.59,18.54,3.82
1956/06/01,46.27,1.8,3.6,27.2,3,425,16.53,33.07,18.16,3.89
1956/07/01,48.78,1.81,3.55,27.4,3.11,444.78,16.53,32.4,18.86,3.72
1956/08/01,48.49,1.83,3.51,27.3,3.33,443.76,16.72,32.09,18.67,3.77
1956/09/01,46.84,1.84,3.46,27.4,3.38,427.09,16.78,31.55,17.84,3.93
1956/10/01,46.24,1.81,3.44,27.5,3.34,420.09,16.41,31.28,17.42,3.91
1956/11/01,45.76,1.77,3.43,27.5,3.49,415.73,16.11,31.13,17.12,3.88
1956/12/01,46.44,1.74,3.41,27.6,3.59,420.38,15.75,30.87,17.2,3.75
1957/01/01,45.43,1.74,3.41,27.6,3.46,411.23,15.72,30.84,16.72,3.82
1957/02/01,43.47,1.73,3.4,27.7,3.34,392.07,15.63,30.7,15.84,3.99
1957/03/01,44.03,1.73,3.4,27.8,3.41,395.69,15.55,30.56,15.9,3.93
1957/04/01,45.05,1.73,3.41,27.9,3.48,403.41,15.49,30.51,16.12,3.84
1957/05/01,46.78,1.73,3.41,28,3.6,417.4,15.44,30.46,16.6,3.7
1957/06/01,47.55,1.73,3.42,28.1,3.8,422.76,15.38,30.41,16.73,3.64
1957/07/01,48.51,1.74,3.44,28.3,3.93,428.25,15.36,30.34,16.87,3.59
1957/08/01,45.84,1.75,3.45,28.3,3.93,404.68,15.45,30.49,15.87,3.82
1957/09/01,43.98,1.76,3.47,28.3,3.92,388.26,15.54,30.63,15.16,4
1957/10/01,41.24,1.77,3.44,28.3,3.97,364.07,15.63,30.34,14.15,4.29
1957/11/01,40.35,1.78,3.4,28.4,3.72,354.96,15.66,29.94,13.74,4.41
1957/12/01,40.33,1.79,3.37,28.4,3.21,354.78,15.75,29.65,13.67,4.44
1958/01/01,41.12,1.78,3.29,28.6,3.09,359.2,15.58,28.77,13.79,4.34
1958/02/01,41.26,1.78,3.22,28.6,3.05,360.43,15.52,28.1,13.78,4.31
1958/03/01,42.11,1.77,3.14,28.8,2.98,365.3,15.35,27.24,13.93,4.2
1958/04/01,42.34,1.76,3.07,28.9,2.88,366.02,15.19,26.54,13.91,4.15
1958/05/01,43.7,1.74,3,28.9,2.92,377.78,15.07,25.93,14.32,3.99
1958/06/01,44.75,1.73,2.93,28.9,2.97,386.86,14.96,25.33,14.64,3.87
1958/07/01,45.98,1.73,2.91,29,3.2,396.12,14.9,25.1,14.96,3.76
1958/08/01,47.7,1.73,2.9,28.9,3.54,412.36,14.96,25.04,15.54,3.63
1958/09/01,48.96,1.73,2.88,28.9,3.76,423.25,14.96,24.9,15.93,3.53
1958/10/01,50.95,1.74,2.88,28.9,3.8,440.45,15.01,24.93,16.56,3.41
1958/11/01,52.5,1.74,2.89,29,3.74,452.29,15.02,24.87,16.99,3.32
1958/12/01,53.49,1.75,2.89,28.9,3.86,462.41,15.13,24.98,17.36,3.27
1959/01/01,55.62,1.76,2.96,29,4.02,479.17,15.13,25.53,17.98,3.16
1959/02/01,54.77,1.76,3.04,28.9,3.96,473.48,15.24,26.25,17.76,3.22
1959/03/01,56.16,1.77,3.11,28.9,3.99,485.49,15.3,26.89,18.2,3.15
1959/04/01,57.1,1.78,3.21,29,4.12,491.92,15.31,27.63,18.43,3.11
1959/05/01,57.96,1.78,3.3,29,4.31,499.33,15.36,28.46,18.69,3.08
1959/06/01,57.46,1.79,3.4,29.1,4.34,493.32,15.37,29.19,18.45,3.12
1959/07/01,59.74,1.8,3.41,29.2,4.4,511.14,15.37,29.18,19.09,3.01
1959/08/01,59.4,1.8,3.42,29.2,4.43,508.23,15.43,29.26,18.96,3.04
1959/09/01,57.05,1.81,3.43,29.3,4.68,486.45,15.43,29.25,18.12,3.17
1959/10/01,57,1.82,3.42,29.4,4.53,484.37,15.44,29.03,18.02,3.19
1959/11/01,57.23,1.82,3.4,29.4,4.53,486.33,15.49,28.92,18.07,3.19
1959/12/01,59.06,1.83,3.39,29.4,4.69,501.88,15.55,28.81,18.62,3.1
1960/01/01,58.03,1.87,3.39,29.3,4.72,494.81,15.92,28.91,18.34,3.22
1960/02/01,55.78,1.9,3.39,29.4,4.49,474.01,16.17,28.81,17.55,3.41
1960/03/01,55.02,1.94,3.39,29.4,4.25,467.55,16.49,28.81,17.29,3.53
1960/04/01,55.73,1.94,3.35,29.5,4.28,471.98,16.46,28.34,17.43,3.49
1960/05/01,55.22,1.95,3.3,29.5,4.35,467.66,16.49,27.98,17.26,3.53
1960/06/01,57.26,1.95,3.26,29.6,4.15,483.3,16.46,27.52,17.82,3.41
1960/07/01,55.84,1.95,3.26,29.6,3.9,471.31,16.46,27.54,17.38,3.49
1960/08/01,56.51,1.95,3.27,29.6,3.8,476.97,16.46,27.57,17.58,3.45
1960/09/01,54.81,1.95,3.27,29.6,3.8,462.62,16.46,27.6,17.05,3.56
1960/10/01,53.73,1.95,3.27,29.8,3.89,450.46,16.35,27.41,16.61,3.63
1960/11/01,55.47,1.95,3.27,29.8,3.93,465.05,16.35,27.41,17.15,3.52
1960/12/01,56.8,1.95,3.27,29.8,3.84,476.2,16.35,27.41,17.56,3.43
1961/01/01,59.72,1.95,3.21,29.8,3.84,500.68,16.32,26.91,18.47,3.26
1961/02/01,62.17,1.94,3.15,29.8,3.78,521.22,16.29,26.41,19.23,3.13
1961/03/01,64.12,1.94,3.09,29.8,3.74,537.57,16.26,25.91,19.84,3.03
1961/04/01,65.83,1.94,3.07,29.8,3.78,551.9,16.26,25.74,20.38,2.95
1961/05/01,66.5,1.94,3.05,29.8,3.71,557.52,16.26,25.57,20.6,2.92
1961/06/01,65.62,1.94,3.03,29.8,3.88,550.14,16.26,25.4,20.33,2.96
1961/07/01,65.44,1.95,3.04,30,3.92,544.97,16.21,25.29,20.15,2.97
1961/08/01,67.79,1.95,3.04,29.9,4.04,566.43,16.32,25.43,20.94,2.88
1961/09/01,67.26,1.96,3.05,30,3.98,560.13,16.32,25.4,20.71,2.91
1961/10/01,68,1.98,3.1,30,3.92,566.29,16.49,25.79,20.92,2.91
1961/11/01,71.08,2,3.14,30,3.94,591.94,16.66,26.18,21.86,2.81
1961/12/01,71.74,2.02,3.19,30,4.06,597.44,16.82,26.57,22.04,2.82
1962/01/01,69.07,2.03,3.25,30,4.08,575.2,16.88,27.07,21.2,2.93
1962/02/01,70.22,2.03,3.31,30.1,4.04,582.84,16.88,27.47,21.45,2.9
1962/03/01,70.29,2.04,3.37,30.1,3.93,583.42,16.93,27.97,21.44,2.9
1962/04/01,68.05,2.05,3.4,30.2,3.84,562.96,16.93,28.15,20.66,3.01
1962/05/01,62.99,2.05,3.44,30.2,3.87,521.1,16.99,28.43,19.09,3.26
1962/06/01,55.63,2.06,3.47,30.2,3.91,460.21,17.04,28.71,16.83,3.7
1962/07/01,56.97,2.07,3.49,30.3,4.01,469.74,17.04,28.78,17.14,3.63
1962/08/01,58.52,2.07,3.51,30.3,3.98,482.52,17.1,28.94,17.57,3.54
1962/09/01,58,2.08,3.53,30.4,3.98,476.66,17.09,29.01,17.32,3.59
1962/10/01,56.17,2.1,3.58,30.4,3.93,461.62,17.23,29.39,16.74,3.73
1962/11/01,60.04,2.11,3.62,30.4,3.92,493.43,17.37,29.78,17.85,3.52
1962/12/01,62.64,2.13,3.67,30.4,3.86,514.79,17.5,30.16,18.59,3.4
1963/01/01,65.06,2.14,3.68,30.4,3.83,534.68,17.56,30.27,19.26,3.28
1963/02/01,65.92,2.14,3.7,30.4,3.92,541.75,17.61,30.38,19.47,3.25
1963/03/01,65.67,2.15,3.71,30.5,3.93,537.92,17.61,30.39,19.29,3.27
1963/04/01,68.76,2.17,3.75,30.5,3.97,563.24,17.75,30.74,20.15,3.15
1963/05/01,70.14,2.18,3.8,30.5,3.93,574.54,17.88,31.1,20.51,3.11
1963/06/01,70.11,2.2,3.84,30.6,3.99,572.42,17.96,31.35,20.38,3.14
1963/07/01,69.07,2.2,3.88,30.7,4.02,562.09,17.93,31.58,19.97,3.19
1963/08/01,70.98,2.21,3.92,30.7,4,577.63,17.96,31.9,20.47,3.11
1963/09/01,72.85,2.21,3.96,30.7,4.08,592.85,17.98,32.23,20.96,3.03
1963/10/01,73.03,2.23,3.98,30.8,4.11,592.39,18.12,32.28,20.89,3.06
1963/11/01,72.62,2.26,4,30.8,4.12,589.06,18.31,32.45,20.72,3.11
1963/12/01,74.17,2.28,4.02,30.9,4.13,599.69,18.43,32.5,21.04,3.07
1964/01/01,76.45,2.3,4.07,30.9,4.17,618.12,18.57,32.93,21.63,3
1964/02/01,77.39,2.31,4.13,30.9,4.15,625.72,18.7,33.37,21.83,2.99
1964/03/01,78.8,2.33,4.18,30.9,4.22,637.12,18.84,33.8,22.17,2.96
1964/04/01,79.94,2.35,4.23,30.9,4.23,646.34,18.97,34.2,22.42,2.94
1964/05/01,80.72,2.36,4.28,30.9,4.2,652.64,19.11,34.61,22.57,2.93
1964/06/01,80.24,2.38,4.33,31,4.17,646.67,19.18,34.9,22.3,2.97
1964/07/01,83.22,2.4,4.38,31.1,4.19,668.53,19.28,35.16,22.98,2.88
1964/08/01,82,2.42,4.42,31,4.19,660.86,19.5,35.65,22.65,2.95
1964/09/01,83.41,2.44,4.47,31.1,4.2,670.06,19.6,35.91,22.89,2.93
1964/10/01,84.85,2.46,4.5,31.1,4.19,681.63,19.76,36.12,23.21,2.9
1964/11/01,85.44,2.48,4.52,31.2,4.15,684.16,19.86,36.22,23.23,2.9
1964/12/01,83.96,2.5,4.55,31.2,4.18,672.31,20.02,36.43,22.75,2.98
1965/01/01,86.12,2.52,4.59,31.2,4.19,689.61,20.15,36.78,23.27,2.92
1965/02/01,86.75,2.53,4.64,31.2,4.21,694.65,20.29,37.13,23.37,2.92
1965/03/01,86.83,2.55,4.68,31.3,4.21,693.07,20.35,37.36,23.25,2.94
1965/04/01,87.97,2.57,4.73,31.4,4.2,699.94,20.45,37.66,23.42,2.92
1965/05/01,89.28,2.59,4.79,31.4,4.21,710.36,20.61,38.09,23.71,2.9
1965/06/01,85.04,2.61,4.84,31.6,4.21,672.34,20.64,38.27,22.39,3.07
1965/07/01,84.91,2.63,4.89,31.6,4.2,671.31,20.77,38.63,22.3,3.09
1965/08/01,86.49,2.64,4.93,31.6,4.25,683.81,20.9,39,22.67,3.06
1965/09/01,89.38,2.66,4.98,31.6,4.29,706.65,21.03,39.37,23.37,2.98
1965/10/01,91.39,2.68,5.05,31.7,4.35,720.27,21.12,39.8,23.78,2.93
1965/11/01,92.15,2.7,5.12,31.7,4.45,726.26,21.28,40.35,23.93,2.93
1965/12/01,91.73,2.72,5.19,31.8,4.62,720.67,21.37,40.78,23.69,2.97
1966/01/01,93.32,2.74,5.24,31.8,4.61,733.17,21.53,41.17,24.06,2.94
1966/02/01,92.69,2.76,5.29,32,4.83,723.66,21.55,41.3,23.7,2.98
1966/03/01,88.88,2.78,5.34,32.1,4.87,691.76,21.64,41.56,22.61,3.13
1966/04/01,91.6,2.8,5.38,32.3,4.75,708.51,21.63,41.61,23.11,3.05
1966/05/01,86.78,2.81,5.42,32.3,4.78,671.23,21.76,41.92,21.85,3.24
1966/06/01,86.06,2.83,5.46,32.4,4.81,663.61,21.82,42.1,21.56,3.29
1966/07/01,85.84,2.85,5.48,32.5,5.02,659.87,21.91,42.1,21.38,3.32
1966/08/01,80.65,2.87,5.49,32.7,5.22,616.18,21.93,41.97,19.91,3.56
1966/09/01,77.81,2.89,5.51,32.7,5.18,594.49,22.08,42.1,19.16,3.71
1966/10/01,77.13,2.88,5.52,32.9,5.01,585.71,21.9,41.94,18.83,3.74
1966/11/01,80.99,2.88,5.54,32.9,5.16,615.02,21.84,42.04,19.71,3.55
1966/12/01,81.33,2.87,5.55,32.9,4.84,617.6,21.79,42.15,19.74,3.53
1967/01/01,84.45,2.88,5.52,32.9,4.58,641.3,21.87,41.89,20.43,3.41
1967/02/01,87.36,2.89,5.48,32.9,4.63,663.39,21.95,41.64,21.07,3.31
1967/03/01,89.42,2.9,5.45,33,4.54,676.98,21.96,41.26,21.44,3.24
1967/04/01,90.96,2.9,5.41,33.1,4.59,686.56,21.89,40.83,21.69,3.19
1967/05/01,92.59,2.9,5.37,33.2,4.85,696.76,21.82,40.41,21.95,3.13
1967/06/01,91.43,2.9,5.33,33.3,5.02,685.96,21.76,39.99,21.55,3.17
1967/07/01,93.01,2.91,5.32,33.4,5.16,695.72,21.74,39.79,21.8,3.13
1967/08/01,94.49,2.91,5.31,33.5,5.28,704.69,21.73,39.6,22.03,3.08
1967/09/01,95.81,2.92,5.3,33.6,5.3,712.4,21.71,39.41,22.22,3.05
1967/10/01,95.66,2.92,5.31,33.7,5.48,709.18,21.65,39.37,22.07,3.05
1967/11/01,92.66,2.92,5.32,33.8,5.75,684.9,21.58,39.32,21.26,3.15
1967/12/01,95.3,2.92,5.33,33.9,5.7,702.34,21.52,39.28,21.75,3.06
1968/01/01,95.04,2.93,5.37,34.1,5.53,696.32,21.47,39.32,21.51,3.08
1968/02/01,90.75,2.94,5.4,34.2,5.56,662.94,21.48,39.47,20.42,3.24
1968/03/01,89.09,2.95,5.44,34.3,5.74,648.92,21.49,39.62,19.93,3.31
1968/04/01,95.67,2.96,5.48,34.4,5.64,694.82,21.52,39.82,21.28,3.1
1968/05/01,97.87,2.98,5.53,34.5,5.87,708.74,21.56,40.02,21.63,3.04
1968/06/01,100.5,2.99,5.57,34.7,5.72,723.59,21.53,40.1,22,2.98
1968/07/01,100.3,3,5.6,34.9,5.5,718.01,21.5,40.09,21.75,2.99
1968/08/01,98.11,3.02,5.63,35,5.42,700.32,21.53,40.19,21.14,3.07
1968/09/01,101.3,3.03,5.66,35.1,5.46,721.04,21.57,40.29,21.68,2.99
1968/10/01,103.8,3.04,5.69,35.3,5.58,734.64,21.54,40.29,22,2.93
1968/11/01,105.4,3.06,5.73,35.4,5.7,743.86,21.57,40.42,22.2,2.9
1968/12/01,106.5,3.07,5.76,35.5,6.03,749.51,21.61,40.54,22.28,2.88
1969/01/01,102,3.08,5.78,35.6,6.04,715.82,21.61,40.56,21.19,3.02
1969/02/01,101.5,3.09,5.8,35.8,6.19,708.33,21.56,40.48,20.9,3.04
1969/03/01,99.3,3.1,5.82,36.1,6.3,687.22,21.45,40.28,20.2,3.12
1969/04/01,101.3,3.11,5.83,36.3,6.17,697.2,21.4,40.1,20.43,3.07
1969/05/01,104.6,3.12,5.83,36.4,6.32,717.93,21.41,40.04,20.97,2.98
1969/06/01,99.14,3.13,5.84,36.6,6.57,676.74,21.37,39.86,19.71,3.16
1969/07/01,94.71,3.14,5.86,36.8,6.72,642.99,21.29,39.76,18.68,3.31
1969/08/01,94.18,3.14,5.87,37,6.69,635.93,21.22,39.66,18.43,3.34
1969/09/01,94.51,3.15,5.89,37.1,7.16,636.44,21.21,39.66,18.4,3.33
1969/10/01,95.52,3.15,5.85,37.3,7.1,639.79,21.12,39.21,18.45,3.3
1969/11/01,96.21,3.16,5.82,37.5,7.14,640.98,21.03,38.75,18.44,3.28
1969/12/01,91.11,3.16,5.78,37.7,7.65,603.78,20.94,38.3,17.33,3.47
1970/01/01,90.31,3.16,5.73,37.8,7.79,596.9,20.91,37.87,17.09,3.5
1970/02/01,87.16,3.17,5.68,38,7.24,573.04,20.82,37.34,16.37,3.63
1970/03/01,88.65,3.17,5.63,38.2,7.07,579.79,20.73,36.82,16.53,3.58
1970/04/01,85.95,3.17,5.59,38.5,7.39,557.75,20.59,36.3,15.87,3.69
1970/05/01,76.06,3.18,5.56,38.6,7.91,492.29,20.56,35.97,13.98,4.18
1970/06/01,75.59,3.18,5.52,38.8,7.84,486.73,20.48,35.54,13.8,4.21
1970/07/01,75.72,3.18,5.47,39,7.46,485.07,20.39,35.02,13.73,4.2
1970/08/01,77.92,3.19,5.41,39,7.53,499.16,20.41,34.68,14.1,4.09
1970/09/01,82.58,3.19,5.36,39.2,7.39,526.31,20.33,34.16,14.84,3.86
1970/10/01,84.37,3.17,5.28,39.4,7.33,534.99,20.12,33.5,15.06,3.76
1970/11/01,84.28,3.16,5.21,39.6,6.84,531.72,19.92,32.85,14.95,3.75
1970/12/01,90.05,3.14,5.13,39.8,6.39,565.27,19.71,32.2,15.87,3.49
1971/01/01,93.49,3.13,5.16,39.8,6.24,586.86,19.65,32.39,16.46,3.35
1971/02/01,97.11,3.12,5.19,39.9,6.11,608.06,19.54,32.5,17.03,3.21
1971/03/01,99.6,3.11,5.22,40,5.7,622.09,19.42,32.6,17.4,3.12
1971/04/01,103,3.11,5.25,40.1,5.83,641.72,19.36,32.73,17.92,3.02
1971/05/01,101.6,3.1,5.29,40.3,6.39,629.86,19.24,32.77,17.56,3.05
1971/06/01,99.72,3.1,5.32,40.6,6.52,613.64,19.08,32.74,17.08,3.11
1971/07/01,99,3.1,5.36,40.7,6.73,607.71,19.01,32.88,16.89,3.13
1971/08/01,97.24,3.09,5.39,40.8,6.58,595.44,18.94,33.03,16.52,3.18
1971/09/01,99.4,3.09,5.43,40.8,6.14,608.67,18.92,33.25,16.86,3.11
1971/10/01,97.29,3.08,5.52,40.9,5.93,594.29,18.83,33.72,16.43,3.17
1971/11/01,92.78,3.08,5.61,40.9,5.81,566.74,18.79,34.27,15.64,3.32
1971/12/01,99.17,3.07,5.7,41.1,5.93,602.83,18.66,34.65,16.6,3.1
1972/01/01,103.3,3.07,5.74,41.1,5.95,627.93,18.66,34.87,17.26,2.97
1972/02/01,105.2,3.07,5.77,41.3,6.08,636.38,18.57,34.92,17.46,2.92
1972/03/01,107.7,3.07,5.81,41.4,6.07,649.93,18.53,35.06,17.81,2.85
1972/04/01,108.8,3.07,5.86,41.5,6.19,654.99,18.48,35.3,17.92,2.82
1972/05/01,107.7,3.07,5.92,41.6,6.13,646.81,18.44,35.53,17.66,2.85
1972/06/01,108,3.07,5.97,41.7,6.11,647.06,18.39,35.77,17.64,2.84
1972/07/01,107.2,3.07,6.03,41.9,6.11,639.2,18.33,35.93,17.4,2.87
1972/08/01,111,3.08,6.08,42,6.21,660.28,18.3,36.19,17.94,2.77
1972/09/01,109.4,3.08,6.14,42.1,6.55,649.22,18.28,36.44,17.61,2.82
1972/10/01,109.6,3.1,6.23,42.3,6.48,647.33,18.33,36.82,17.53,2.83
1972/11/01,115.1,3.13,6.33,42.4,6.28,678.21,18.42,37.28,18.34,2.72
1972/12/01,117.5,3.15,6.42,42.5,6.36,690.72,18.52,37.74,18.65,2.68
1973/01/01,118.4,3.16,6.55,42.6,6.46,694.38,18.51,38.39,18.71,2.67
1973/02/01,114.2,3.16,6.67,42.9,6.64,665.06,18.42,38.86,17.89,2.77
1973/03/01,112.4,3.17,6.8,43.3,6.71,648.53,18.29,39.24,17.41,2.82
1973/04/01,110.3,3.19,6.94,43.6,6.67,632.04,18.26,39.79,16.94,2.89
1973/05/01,107.2,3.2,7.09,43.9,6.85,610.08,18.23,40.33,16.31,2.99
1973/06/01,104.8,3.22,7.23,44.2,6.9,592.37,18.2,40.87,15.81,3.07
1973/07/01,105.8,3.24,7.38,44.3,7.13,596.67,18.25,41.64,15.89,3.06
1973/08/01,103.8,3.25,7.54,45.1,7.4,575.01,18.02,41.75,15.28,3.13
1973/09/01,105.6,3.27,7.69,45.2,7.09,583.69,18.07,42.51,15.48,3.1
1973/10/01,109.8,3.31,7.85,45.6,6.79,601.58,18.12,42.99,15.91,3.01
1973/11/01,102,3.34,8,45.9,6.73,555.19,18.2,43.56,14.65,3.28
1973/12/01,94.78,3.38,8.16,46.2,6.74,512.54,18.28,44.13,13.49,3.57
1974/01/01,96.11,3.4,8.23,46.6,6.99,515.27,18.23,44.11,13.53,3.54
1974/02/01,93.45,3.42,8.29,47.2,6.96,494.64,18.1,43.9,12.96,3.66
1974/03/01,97.44,3.44,8.36,47.8,7.21,509.29,17.98,43.7,13.31,3.53
1974/04/01,92.46,3.46,8.49,48,7.51,481.25,18.01,44.17,12.55,3.74
1974/05/01,89.67,3.48,8.61,48.6,7.58,460.96,17.89,44.28,12,3.88
1974/06/01,89.79,3.5,8.74,49,7.54,457.81,17.85,44.56,11.89,3.9
1974/07/01,79.31,3.53,8.86,49.4,7.81,401.1,17.85,44.83,10.39,4.45
1974/08/01,76.03,3.56,8.99,50,8.04,379.9,17.79,44.9,9.82,4.68
1974/09/01,68.12,3.59,9.11,50.6,8.04,336.34,17.73,44.98,8.68,5.27
1974/10/01,69.44,3.59,9.04,51.1,7.9,339.5,17.57,44.18,8.74,5.17
1974/11/01,71.74,3.6,8.96,51.5,7.68,348.02,17.45,43.48,8.95,5.01
1974/12/01,67.07,3.6,8.89,51.9,7.43,322.86,17.33,42.79,8.29,5.37
1975/01/01,72.56,3.62,8.74,52.1,7.5,347.95,17.37,41.93,8.92,4.99
1975/02/01,80.1,3.65,8.6,52.5,7.39,381.18,17.35,40.91,9.76,4.55
1975/03/01,83.78,3.67,8.45,52.7,7.73,397.18,17.4,40.06,10.16,4.38
1975/04/01,84.72,3.68,8.29,52.9,8.23,400.11,17.4,39.14,10.23,4.35
1975/05/01,90.1,3.7,8.12,53.2,8.06,423.12,17.36,38.15,10.82,4.1
1975/06/01,92.4,3.71,7.96,53.6,7.86,430.69,17.29,37.1,11.01,4.02
1975/07/01,92.49,3.71,7.89,54.2,8.06,426.33,17.1,36.38,10.9,4.01
1975/08/01,85.71,3.71,7.83,54.3,8.4,394.35,17.07,36.01,10.09,4.33
1975/09/01,84.67,3.71,7.76,54.6,8.43,387.43,16.98,35.51,9.92,4.38
1975/10/01,88.57,3.7,7.83,54.9,8.14,403.06,16.84,35.62,10.33,4.18
1975/11/01,90.07,3.69,7.89,55.3,8.05,406.92,16.67,35.66,10.44,4.1
1975/12/01,88.7,3.68,7.96,55.5,8,399.29,16.57,35.83,10.25,4.15
1976/01/01,96.86,3.68,8.19,55.6,7.74,435.24,16.55,36.82,11.19,3.8
1976/02/01,100.6,3.69,8.43,55.8,7.79,450.42,16.51,37.73,11.59,3.66
1976/03/01,101.1,3.69,8.66,55.9,7.73,451.85,16.49,38.7,11.63,3.65
1976/04/01,101.9,3.71,8.86,56.1,7.56,453.8,16.54,39.44,11.69,3.64
1976/05/01,101.2,3.74,9.05,56.5,7.9,447.49,16.52,40.03,11.53,3.69
1976/06/01,101.8,3.76,9.25,56.8,7.86,447.77,16.54,40.69,11.54,3.69
1976/07/01,104.2,3.79,9.35,57.1,7.83,455.92,16.58,40.91,11.76,3.64
1976/08/01,103.3,3.82,9.45,57.4,7.77,449.62,16.63,41.13,11.6,3.7
1976/09/01,105.5,3.85,9.55,57.6,7.59,457.6,16.7,41.42,11.81,3.65
1976/10/01,101.9,3.92,9.67,57.9,7.41,439.69,16.9,41.73,11.35,3.84
1976/11/01,101.2,3.98,9.79,58,7.29,435.92,17.16,42.17,11.25,3.94
1976/12/01,104.7,4.05,9.91,58.2,6.87,449.45,17.39,42.54,11.6,3.87
1977/01/01,103.8,4.1,9.97,58.5,7.21,443.3,17.5,42.56,11.44,3.95
1977/02/01,101,4.14,10.02,59.1,7.39,426.96,17.52,42.37,11.01,4.1
1977/03/01,100.6,4.19,10.08,59.5,7.46,422.41,17.59,42.33,10.9,4.17
1977/04/01,99.05,4.25,10.19,60,7.37,412.44,17.68,42.44,10.64,4.29
1977/05/01,98.76,4.3,10.31,60.3,7.46,409.18,17.83,42.7,10.55,4.36
1977/06/01,99.29,4.36,10.42,60.7,7.28,408.67,17.95,42.89,10.53,4.39
1977/07/01,100.2,4.41,10.52,61,7.33,410.39,18.05,43.07,10.57,4.4
1977/08/01,97.75,4.45,10.61,61.2,7.4,399.04,18.18,43.33,10.27,4.56
1977/09/01,96.23,4.5,10.71,61.4,7.34,391.56,18.31,43.58,10.07,4.68
1977/10/01,93.74,4.56,10.77,61.6,7.52,380.19,18.48,43.68,9.77,4.86
1977/11/01,94.28,4.61,10.83,61.9,7.58,380.52,18.62,43.71,9.77,4.89
1977/12/01,93.82,4.67,10.89,62.1,7.69,377.45,18.79,43.81,9.68,4.98
1978/01/01,90.25,4.71,10.9,62.5,7.96,360.76,18.84,43.57,9.24,5.22
1978/02/01,88.98,4.76,10.91,62.9,8.03,353.42,18.89,43.33,9.05,5.35
1978/03/01,88.82,4.8,10.92,63.4,8.04,350.01,18.91,43.03,8.95,5.4
1978/04/01,92.71,4.84,11.02,63.9,8.15,362.48,18.91,43.1,9.26,5.22
1978/05/01,97.41,4.87,11.13,64.5,8.35,377.31,18.88,43.1,9.63,5
1978/06/01,97.66,4.91,11.23,65.2,8.46,374.22,18.81,43.03,9.55,5.03
1978/07/01,97.19,4.95,11.34,65.7,8.64,369.58,18.81,43.13,9.43,5.09
1978/08/01,103.9,4.98,11.46,66,8.41,393.3,18.86,43.37,10.02,4.8
1978/09/01,103.9,5.02,11.57,66.5,8.42,390.34,18.86,43.47,9.94,4.83
1978/10/01,100.6,5.04,11.82,67.1,8.64,374.57,18.75,44.02,9.53,5.01
1978/11/01,94.71,5.05,12.08,67.4,8.81,351.07,18.73,44.77,8.93,5.34
1978/12/01,96.11,5.07,12.33,67.7,9.01,354.68,18.71,45.5,9.01,5.28
1979/01/01,99.71,5.11,12.65,68.3,9.1,364.73,18.7,46.28,9.26,5.13
1979/02/01,98.23,5.16,12.98,69.1,9.1,355.16,18.64,46.92,9,5.25
1979/03/01,100.1,5.2,13.3,69.8,9.12,358.29,18.61,47.6,9.07,5.19
1979/04/01,102.1,5.25,13.53,70.6,9.18,361.31,18.57,47.87,9.13,5.14
1979/05/01,99.73,5.29,13.75,71.5,9.25,348.48,18.5,48.06,8.79,5.31
1979/06/01,101.7,5.34,13.98,72.3,8.91,351.43,18.45,48.31,8.85,5.25
1979/07/01,102.7,5.4,14.2,73.1,8.95,351,18.44,48.52,8.83,5.25
1979/08/01,107.4,5.45,14.41,73.8,9.03,363.58,18.46,48.79,9.13,5.08
1979/09/01,108.6,5.51,14.63,74.6,9.33,363.7,18.45,49,9.11,5.07
1979/10/01,104.5,5.56,14.71,75.2,10.3,347.18,18.46,48.86,8.68,5.32
1979/11/01,103.7,5.6,14.78,75.9,10.65,341.34,18.44,48.66,8.52,5.4
1979/12/01,107.8,5.65,14.86,76.7,10.39,351.14,18.4,48.4,8.75,5.24
1980/01/01,110.9,5.7,15,77.8,10.8,356.13,18.3,48.18,8.85,5.14
1980/02/01,115.3,5.75,15.15,78.9,12.41,365.1,18.21,47.96,9.05,4.99
1980/03/01,104.7,5.8,15.29,80.1,12.75,326.56,18.09,47.69,8.08,5.54
1980/04/01,103,5.85,15.17,81,11.47,317.69,18.03,46.8,7.84,5.68
1980/05/01,107.7,5.89,15.06,81.8,10.18,328.94,18,45.99,8.1,5.47
1980/06/01,114.6,5.94,14.94,82.7,9.78,346.2,17.94,45.13,8.51,5.18
1980/07/01,119.8,5.98,14.84,82.7,10.25,361.91,18.08,44.83,8.88,4.99
1980/08/01,123.5,6.03,14.74,83.3,11.1,370.4,18.08,44.21,9.07,4.88
1980/09/01,126.5,6.07,14.64,84,11.51,376.24,18.05,43.54,9.2,4.8
1980/10/01,130.2,6.1,14.7,84.8,11.75,383.59,17.97,43.31,9.36,4.69
1980/11/01,135.7,6.13,14.76,85.5,12.68,396.52,17.91,43.13,9.65,4.52
1980/12/01,133.5,6.16,14.82,86.3,12.84,386.48,17.83,42.9,9.39,4.61
1981/01/01,133,6.2,14.74,87,12.57,381.93,17.8,42.33,9.26,4.66
1981/02/01,128.4,6.24,14.66,87.9,13.19,364.95,17.74,41.67,8.83,4.86
1981/03/01,133.2,6.28,14.58,88.5,13.12,376.02,17.73,41.16,9.08,4.71
1981/04/01,134.4,6.32,14.72,89.1,13.68,376.86,17.71,41.28,9.09,4.7
1981/05/01,131.7,6.35,14.87,89.8,14.1,366.41,17.68,41.36,8.82,4.82
1981/06/01,132.3,6.39,15.01,90.6,13.47,364.83,17.62,41.39,8.77,4.83
1981/07/01,129.1,6.43,15.1,91.6,14.28,352.12,17.55,41.18,8.45,4.98
1981/08/01,129.6,6.48,15.18,92.3,14.94,350.8,17.53,41.1,8.4,5
1981/09/01,118.3,6.52,15.27,93.2,15.32,317.12,17.48,40.93,7.58,5.51
1981/10/01,119.8,6.56,15.3,93.4,15.15,320.45,17.54,40.93,7.65,5.47
1981/11/01,122.9,6.59,15.33,93.7,13.39,327.69,17.58,40.87,7.81,5.36
1981/12/01,123.8,6.63,15.36,94,13.72,329.04,17.62,40.82,7.83,5.36
1982/01/01,117.3,6.66,15.18,94.3,14.59,310.77,17.64,40.21,7.39,5.68
1982/02/01,114.5,6.69,14.99,94.6,14.43,302.39,17.67,39.6,7.18,5.84
1982/03/01,110.8,6.72,14.81,94.5,13.86,292.93,17.77,39.15,6.95,6.06
1982/04/01,116.3,6.75,14.6,94.9,13.87,306.17,17.77,38.43,7.26,5.8
1982/05/01,116.4,6.78,14.38,95.8,13.62,303.56,17.68,37.51,7.19,5.82
1982/06/01,109.7,6.81,14.17,97,14.3,282.55,17.54,36.5,6.69,6.21
1982/07/01,109.4,6.82,13.97,97.5,13.95,280.33,17.48,35.79,6.64,6.24
1982/08/01,109.7,6.84,13.76,97.7,13.06,280.52,17.48,35.2,6.64,6.23
1982/09/01,122.4,6.85,13.56,97.9,12.34,312.36,17.48,34.6,7.4,5.6
1982/10/01,132.7,6.86,13.25,98.2,10.91,337.61,17.44,33.72,8,5.17
1982/11/01,138.1,6.86,12.95,98,10.55,352.06,17.5,33.01,8.35,4.97
1982/12/01,139.4,6.87,12.64,97.6,10.54,356.83,17.59,32.36,8.47,4.93
1983/01/01,144.3,6.88,12.57,97.8,10.46,368.62,17.58,32.1,8.76,4.77
1983/02/01,146.8,6.9,12.49,97.9,10.72,374.63,17.6,31.88,8.91,4.7
1983/03/01,151.9,6.91,12.42,97.9,10.51,387.64,17.63,31.7,9.23,4.55
1983/04/01,157.7,6.92,12.48,98.6,10.4,399.58,17.53,31.61,9.53,4.39
1983/05/01,164.1,6.93,12.53,99.2,10.38,413.29,17.45,31.57,9.87,4.22
1983/06/01,166.4,6.94,12.59,99.5,10.85,417.82,17.43,31.61,10,4.17
1983/07/01,167,6.96,12.83,99.9,11.38,417.64,17.41,32.08,10.01,4.17
1983/08/01,162.4,6.98,13.06,100.2,11.85,404.92,17.4,32.57,9.73,4.3
1983/09/01,167.2,7,13.3,100.7,11.65,414.82,17.37,33,9.98,4.19
1983/10/01,167.7,7.03,13.54,101,11.54,414.83,17.39,33.5,10,4.19
1983/11/01,165.2,7.06,13.79,101.2,11.69,407.83,17.43,34.04,9.85,4.27
1983/12/01,164.4,7.09,14.03,101.3,11.83,405.46,17.49,34.6,9.82,4.31
1984/01/01,166.4,7.12,14.44,101.9,11.67,407.97,17.46,35.4,9.89,4.28
1984/02/01,157.3,7.15,14.85,102.4,11.84,383.78,17.44,36.23,9.32,4.55
1984/03/01,157.4,7.18,15.26,102.6,12.32,383.28,17.48,37.16,9.33,4.56
1984/04/01,157.6,7.22,15.57,103.1,12.63,381.9,17.5,37.74,9.31,4.58
1984/05/01,156.6,7.27,15.89,103.4,13.41,378.38,17.56,38.39,9.23,4.64
1984/06/01,153.1,7.31,16.2,103.7,13.56,368.85,17.61,39.03,9.01,4.77
1984/07/01,151.1,7.33,16.32,104.1,13.36,362.63,17.6,39.17,8.87,4.85
1984/08/01,164.4,7.36,16.44,104.5,12.72,393.04,17.59,39.3,9.62,4.47
1984/09/01,166.1,7.38,16.56,105,12.52,395.22,17.56,39.4,9.69,4.44
1984/10/01,164.8,7.43,16.59,105.3,12.16,391.01,17.63,39.35,9.6,4.51
1984/11/01,166.3,7.48,16.61,105.3,11.57,394.56,17.75,39.42,9.69,4.5
1984/12/01,164.5,7.53,16.64,105.3,11.5,390.29,17.87,39.48,9.6,4.58
1985/01/01,171.6,7.57,16.56,105.5,11.38,406.37,17.93,39.21,10,4.41
1985/02/01,180.9,7.62,16.47,106,11.51,426.37,17.95,38.83,10.49,4.21
1985/03/01,179.4,7.66,16.39,106.4,11.86,421.25,17.99,38.48,10.37,4.27
1985/04/01,180.6,7.69,16.13,106.9,11.43,422.08,17.96,37.7,10.4,4.26
1985/05/01,184.9,7.71,15.87,107.3,10.85,430.52,17.96,36.95,10.61,4.17
1985/06/01,188.9,7.74,15.61,107.6,10.16,438.61,17.97,36.24,10.81,4.1
1985/07/01,192.5,7.77,15.48,107.8,10.31,446.13,18.02,35.88,11,4.04
1985/08/01,188.3,7.81,15.36,108,10.33,435.59,18.06,35.52,10.74,4.15
1985/09/01,184.1,7.84,15.23,108.3,10.37,424.7,18.09,35.13,10.47,4.26
1985/10/01,186.2,7.86,15.02,108.7,10.24,427.96,18.07,34.53,10.55,4.22
1985/11/01,197.5,7.88,14.82,109,9.78,452.68,18.06,33.96,11.16,3.99
1985/12/01,207.3,7.9,14.61,109.3,9.26,473.84,18.06,33.4,11.69,3.81
1986/01/01,208.2,7.94,14.58,109.6,9.19,474.6,18.1,33.24,11.72,3.81
1986/02/01,219.4,7.98,14.55,109.3,8.7,501.5,18.24,33.26,12.39,3.64
1986/03/01,232.3,8.02,14.52,108.8,7.78,533.43,18.42,33.34,13.19,3.45
1986/04/01,238,8.05,14.58,108.6,7.3,547.52,18.51,33.55,13.55,3.38
1986/05/01,238.5,8.07,14.65,108.9,7.71,547.16,18.52,33.6,13.56,3.39
1986/06/01,245.3,8.1,14.71,109.5,7.8,559.68,18.48,33.56,13.89,3.3
1986/07/01,240.2,8.14,14.76,109.5,7.3,548.04,18.58,33.67,13.62,3.39
1986/08/01,245,8.19,14.8,109.7,7.17,557.97,18.64,33.71,13.89,3.34
1986/09/01,238.3,8.23,14.85,110.2,7.45,540.25,18.66,33.67,13.47,3.45
1986/10/01,237.4,8.25,14.73,110.3,7.43,537.72,18.68,33.36,13.43,3.47
1986/11/01,245.1,8.26,14.6,110.4,7.25,554.66,18.7,33.05,13.87,3.37
1986/12/01,248.6,8.28,14.48,110.5,7.11,562.07,18.72,32.74,14.09,3.33
1987/01/01,264.5,8.3,14.69,111.2,7.08,594.26,18.65,33,14.92,3.14
1987/02/01,280.9,8.32,14.89,111.6,7.25,628.84,18.63,33.34,15.82,2.96
1987/03/01,292.5,8.34,15.1,112.1,7.25,651.89,18.59,33.65,16.43,2.85
1987/04/01,289.3,8.4,14.87,112.7,8.02,641.33,18.62,32.97,16.2,2.9
1987/05/01,289.1,8.46,14.65,113.1,8.61,638.62,18.69,32.35,16.16,2.93
1987/06/01,301.4,8.52,14.42,113.5,8.4,663.44,18.75,31.74,16.83,2.83
1987/07/01,310.1,8.57,14.9,113.8,8.45,680.79,18.81,32.71,17.31,2.76
1987/08/01,329.4,8.61,15.38,114.4,8.76,719.37,18.81,33.59,18.33,2.61
1987/09/01,318.7,8.66,15.86,115,9.42,692.37,18.81,34.46,17.68,2.72
1987/10/01,280.2,8.71,16.41,115.3,9.52,607.15,18.87,35.55,15.53,3.11
1987/11/01,245,8.76,16.95,115.4,8.86,530.41,18.96,36.7,13.59,3.58
1987/12/01,241,8.81,17.5,115.4,8.99,521.75,19.07,37.89,13.39,3.66
1988/01/01,250.5,8.86,17.86,115.7,8.67,540.91,19.12,38.57,13.9,3.54
1988/02/01,258.1,8.9,18.23,116,8.21,555.88,19.18,39.26,14.3,3.45
1988/03/01,265.7,8.95,18.59,116.5,8.37,569.8,19.19,39.87,14.67,3.37
1988/04/01,262.6,9.04,19.62,117.1,8.72,560.26,19.29,41.85,14.43,3.44
1988/05/01,256.1,9.14,20.64,117.5,9.09,544.54,19.43,43.89,14.03,3.57
1988/06/01,270.7,9.23,21.67,118,8.92,573.14,19.54,45.88,14.77,3.41
1988/07/01,269.1,9.31,22.02,118.5,9.06,567.35,19.62,46.43,14.61,3.46
1988/08/01,263.7,9.38,22.38,119,9.26,553.63,19.7,46.98,14.24,3.56
1988/09/01,268,9.46,22.73,119.8,8.98,558.9,19.73,47.4,14.37,3.53
1988/10/01,277.4,9.55,23.07,120.2,8.8,576.58,19.85,47.96,14.81,3.44
1988/11/01,271,9.64,23.42,120.3,8.96,562.8,20.02,48.63,14.45,3.56
1988/12/01,276.5,9.75,23.75,120.5,9.11,573.27,20.21,49.24,14.7,3.53
1989/01/01,285.4,9.81,24.16,121.1,9.09,588.79,20.25,49.84,15.09,3.45
1989/02/01,294,9.9,24.56,121.6,9.17,604.04,20.33,50.46,15.47,3.38
1989/03/01,292.7,10.01,24.96,122.3,9.36,597.93,20.45,50.99,15.3,3.42
1989/04/01,302.3,10.09,25.05,123.1,9.18,613.53,20.47,50.83,15.69,3.35
1989/05/01,313.9,10.19,25.13,123.8,8.86,633.47,20.57,50.72,16.19,3.27
1989/06/01,323.7,10.37,25.22,124.1,8.28,651.67,20.88,50.77,16.64,3.2
1989/07/01,331.9,10.42,24.71,124.4,8.02,666.56,20.93,49.63,17.01,3.16
1989/08/01,346.6,10.55,24.2,124.6,8.11,694.97,21.15,48.52,17.73,3.06
1989/09/01,347.3,10.73,23.69,125,8.19,694.14,21.45,47.35,17.71,3.09
1989/10/01,347.4,10.8,23.43,125.6,8.01,691.03,21.48,46.6,17.64,3.12
1989/11/01,340.2,10.92,23.16,125.9,7.87,675.09,21.68,45.97,17.24,3.22
1989/12/01,348.6,11.06,22.87,126.1,7.84,690.66,21.91,45.31,17.65,3.17
1990/01/01,339.97,11.14,22.49,127.4,8.21,666.69,21.85,44.1,17.05,3.28
1990/02/01,330.45,11.23,22.08,128,8.47,644.99,21.92,43.1,16.51,3.4
1990/03/01,338.46,11.32,21.67,128.7,8.59,657.03,21.97,42.07,16.83,3.34
1990/04/01,338.18,11.44,21.53,128.9,8.79,655.46,22.17,41.74,16.81,3.38
1990/05/01,350.25,11.55,21.4,129.2,8.76,677.28,22.34,41.38,17.39,3.3
1990/06/01,360.39,11.66,21.26,129.9,8.48,693.13,22.43,40.89,17.82,3.24
1990/07/01,360.03,11.73,21.42,130.4,8.47,689.79,22.47,41.04,17.75,3.26
1990/08/01,330.75,11.78,21.58,131.6,8.75,627.91,22.37,40.97,16.17,3.56
1990/09/01,315.41,11.83,21.74,132.7,8.89,593.83,22.27,40.93,15.3,3.75
1990/10/01,307.12,11.93,21.61,133.5,8.72,574.75,22.32,40.44,14.82,3.88
1990/11/01,315.29,12.01,21.47,133.8,8.39,588.72,22.43,40.1,15.19,3.81
1990/12/01,328.75,12.09,21.34,133.8,8.08,613.85,22.57,39.85,15.85,3.68
1991/01/01,325.49,12.11,21.18,134.6,8.09,604.15,22.47,39.32,15.61,3.72
1991/02/01,362.26,12.11,21.03,134.8,7.85,671.41,22.45,38.97,17.35,3.34
1991/03/01,372.28,12.11,20.94,135,8.11,688.95,22.41,38.75,17.82,3.25
1991/04/01,379.68,12.13,20.36,135.2,8.04,701.61,22.41,37.63,18.16,3.19
1991/05/01,377.99,12.14,19.86,135.6,8.07,696.43,22.37,36.58,18.04,3.21
1991/06/01,378.29,12.15,19.41,136,8.28,694.93,22.32,35.66,18.02,3.21
1991/07/01,380.23,12.19,18.84,136.2,8.27,697.47,22.37,34.56,18.1,3.21
1991/08/01,389.4,12.24,18.33,136.6,7.9,712.2,22.38,33.52,18.51,3.14
1991/09/01,387.2,12.28,17.82,137.2,7.65,705.08,22.36,32.45,18.36,3.17
1991/10/01,386.88,12.25,17.2,137.4,7.53,703.47,22.28,31.28,18.35,3.17
1991/11/01,385.92,12.23,16.59,137.8,7.42,699.68,22.17,30.07,18.29,3.17
1991/12/01,388.51,12.2,15.97,137.9,7.09,703.87,22.1,28.93,18.44,3.14
1992/01/01,416.08,12.24,16.05,138.1,7.03,752.73,22.14,29.03,19.77,2.94
1992/02/01,412.56,12.28,16.12,138.6,7.34,743.67,22.14,29.06,19.58,2.98
1992/03/01,407.36,12.32,16.19,139.3,7.54,730.6,22.1,29.04,19.28,3.03
1992/04/01,407.41,12.32,16.48,139.5,7.48,729.65,22.06,29.52,19.3,3.02
1992/05/01,414.81,12.32,16.77,139.7,7.39,741.83,22.03,29.99,19.66,2.97
1992/06/01,408.27,12.32,17.05,140.2,7.26,727.53,21.95,30.38,19.32,3.02
1992/07/01,415.05,12.34,17.38,140.5,6.84,738.04,21.95,30.9,19.62,2.97
1992/08/01,417.93,12.37,17.71,140.9,6.59,741.05,21.93,31.4,19.72,2.96
1992/09/01,418.48,12.4,18.04,141.3,6.42,739.92,21.92,31.9,19.71,2.96
1992/10/01,412.5,12.39,18.39,141.8,6.59,726.78,21.82,32.4,19.37,3
1992/11/01,422.84,12.38,18.74,142,6.87,743.95,21.79,32.97,19.83,2.93
1992/12/01,435.64,12.39,19.09,141.9,6.77,767.01,21.81,33.61,20.45,2.84
1993/01/01,435.23,12.41,19.34,142.6,6.6,762.52,21.75,33.88,20.32,2.85
1993/02/01,441.7,12.45,19.59,143.1,6.26,771.16,21.73,34.2,20.55,2.82
1993/03/01,450.16,12.48,19.84,143.6,5.98,783.19,21.71,34.52,20.86,2.77
1993/04/01,443.08,12.49,19.67,144,5.97,768.73,21.68,34.13,20.46,2.82
1993/05/01,445.25,12.51,19.5,144.2,6.04,771.42,21.67,33.78,20.52,2.81
1993/06/01,448.06,12.52,19.33,144.4,5.96,775.22,21.66,33.44,20.61,2.79
1993/07/01,447.29,12.52,19.69,144.4,5.81,773.88,21.66,34.07,20.56,2.8
1993/08/01,454.13,12.52,20.05,144.8,5.68,783.55,21.6,34.59,20.81,2.76
1993/09/01,459.24,12.52,20.41,145.1,5.36,790.73,21.56,35.14,20.99,2.73
1993/10/01,463.9,12.54,20.9,145.7,5.33,795.46,21.5,35.84,21.11,2.7
1993/11/01,462.89,12.56,21.39,145.8,5.72,793.18,21.52,36.65,21.04,2.71
1993/12/01,465.95,12.58,21.89,145.8,5.77,798.43,21.56,37.51,21.16,2.7
1994/01/01,472.99,12.62,22.16,146.2,5.75,808.27,21.57,37.86,21.41,2.67
1994/02/01,471.58,12.67,22.43,146.7,5.97,803.12,21.57,38.2,21.26,2.69
1994/03/01,463.81,12.71,22.71,147.2,6.48,787.2,21.57,38.54,20.83,2.74
1994/04/01,447.23,12.75,23.54,147.4,6.97,758.03,21.62,39.9,20.06,2.85
1994/05/01,450.9,12.8,24.37,147.5,7.18,763.73,21.68,41.28,20.2,2.84
1994/06/01,454.83,12.84,25.2,148,7.1,767.79,21.67,42.54,20.29,2.82
1994/07/01,451.4,12.87,25.91,148.4,7.3,759.94,21.67,43.62,20.07,2.85
1994/08/01,464.24,12.9,26.62,149,7.24,778.41,21.63,44.64,20.54,2.78
1994/09/01,466.96,12.92,27.33,149.4,7.46,780.88,21.61,45.7,20.58,2.77
1994/10/01,463.81,13.01,28.42,149.5,7.74,775.09,21.75,47.49,20.4,2.8
1994/11/01,461.01,13.1,29.51,149.7,7.96,769.38,21.86,49.25,20.21,2.84
1994/12/01,455.19,13.17,30.6,149.7,7.81,759.67,21.98,51.07,19.91,2.89
1995/01/01,465.25,13.18,31.25,150.3,7.78,773.36,21.91,51.95,20.22,2.83
1995/02/01,481.92,13.18,31.9,150.9,7.47,797.88,21.82,52.81,20.8,2.73
1995/03/01,493.15,13.17,32.55,151.4,7.2,813.78,21.73,53.71,21.15,2.67
1995/04/01,507.91,13.24,33.18,151.9,7.06,835.38,21.78,54.57,21.64,2.61
1995/05/01,523.81,13.31,33.8,152.2,6.63,859.83,21.84,55.49,22.2,2.54
1995/06/01,539.35,13.36,34.43,152.5,6.17,883.6,21.89,56.41,22.72,2.48
1995/07/01,557.37,13.44,34.68,152.5,6.28,913.12,22.02,56.82,23.38,2.41
1995/08/01,559.11,13.51,34.93,152.9,6.49,913.57,22.08,57.07,23.28,2.42
1995/09/01,578.77,13.58,35.18,153.2,6.2,943.85,22.15,57.37,23.95,2.35
1995/10/01,582.92,13.65,34.77,153.7,6.04,947.52,22.19,56.52,23.93,2.34
1995/11/01,595.53,13.72,34.37,153.6,5.93,968.65,22.32,55.9,24.35,2.3
1995/12/01,614.57,13.79,33.96,153.5,5.71,1000.27,22.44,55.27,25.03,2.24
1996/01/01,614.42,13.89,33.99,154.4,5.65,994.2,22.48,54.99,24.76,2.26
1996/02/01,649.54,14,34.01,154.9,5.81,1047.63,22.58,54.86,25.98,2.16
1996/03/01,647.07,14.1,34.04,155.7,6.27,1038.29,22.62,54.62,25.63,2.18
1996/04/01,647.17,14.16,34.33,156.3,6.51,1034.46,22.63,54.87,25.42,2.19
1996/05/01,661.23,14.21,34.62,156.6,6.74,1054.91,22.68,55.23,25.81,2.15
1996/06/01,668.5,14.27,34.91,156.7,6.91,1065.83,22.75,55.66,25.97,2.14
1996/07/01,644.07,14.4,35.27,157,6.87,1024.91,22.91,56.13,24.86,2.24
1996/08/01,662.68,14.53,35.64,157.3,6.64,1052.52,23.08,56.6,25.41,2.19
1996/09/01,674.88,14.66,36,157.8,6.83,1068.5,23.21,57,25.68,2.17
1996/10/01,701.46,14.74,36.91,158.3,6.53,1107.07,23.26,58.25,26.48,2.1
1996/11/01,735.67,14.82,37.82,158.6,6.2,1158.87,23.35,59.58,27.59,2.01
1996/12/01,743.25,14.9,38.73,158.6,6.3,1170.81,23.47,61.01,27.72,2
1997/01/01,766.22,14.95,39.23,159.1,6.58,1203.2,23.48,61.61,28.33,1.95
1997/02/01,798.39,15.01,39.74,159.6,6.42,1249.79,23.49,62.2,29.27,1.88
1997/03/01,792.16,15.06,40.24,160,6.69,1236.94,23.52,62.83,28.8,1.9
1997/04/01,763.93,15.09,40.34,160.2,6.89,1191.37,23.54,62.92,27.59,1.98
1997/05/01,833.09,15.13,40.45,160.1,6.71,1300.03,23.61,63.12,29.93,1.82
1997/06/01,876.29,15.16,40.55,160.3,6.49,1365.74,23.63,63.2,31.26,1.73
1997/07/01,925.29,15.22,40.58,160.5,6.22,1440.31,23.69,63.17,32.77,1.64
1997/08/01,927.24,15.27,40.61,160.8,6.3,1440.66,23.73,63.1,32.59,1.65
1997/09/01,937.02,15.33,40.64,161.2,6.21,1452.24,23.76,62.99,32.67,1.64
1997/10/01,951.16,15.39,40.33,161.6,6.03,1470.5,23.79,62.36,32.9,1.62
1997/11/01,938.92,15.44,40.03,161.5,5.88,1452.48,23.89,61.92,32.34,1.64
1997/12/01,962.37,15.5,39.72,161.3,5.81,1490.6,24.01,61.52,33.03,1.61
1998/01/01,963.36,15.55,39.66,161.6,5.54,1489.37,24.04,61.31,32.86,1.61
1998/02/01,1023.74,15.6,39.6,161.9,5.57,1579.78,24.07,61.11,34.71,1.52
1998/03/01,1076.83,15.64,39.54,162.2,5.65,1658.63,24.09,60.9,36.3,1.45
1998/04/01,1112.2,15.75,39.35,162.5,5.64,1709.95,24.21,60.5,37.28,1.42
1998/05/01,1108.42,15.85,39.16,162.8,5.65,1701,24.32,60.1,36.96,1.43
1998/06/01,1108.39,15.95,38.97,163,5.5,1698.87,24.45,59.73,36.8,1.44
1998/07/01,1156.58,16.02,38.68,163.2,5.46,1770.56,24.52,59.21,38.26,1.38
1998/08/01,1074.62,16.08,38.38,163.4,5.34,1643.07,24.59,58.69,35.42,1.5
1998/09/01,1020.64,16.14,38.09,163.6,4.81,1558.63,24.65,58.17,33.53,1.58
1998/10/01,1032.47,16.17,37.96,164,4.53,1572.85,24.63,57.83,33.77,1.57
1998/11/01,1144.43,16.18,37.84,164,4.83,1743.41,24.65,57.64,37.37,1.41
1998/12/01,1190.05,16.2,37.71,163.9,4.65,1814.01,24.69,57.48,38.82,1.36
1999/01/01,1248.77,16.28,37.93,164.3,4.72,1898.89,24.76,57.68,40.58,1.3
1999/02/01,1246.58,16.37,38.16,164.5,5,1893.25,24.86,57.95,40.4,1.31
1999/03/01,1281.66,16.45,38.38,165,5.23,1940.63,24.91,58.11,41.36,1.28
1999/04/01,1334.76,16.45,39.26,166.2,5.18,2006.44,24.73,59.02,42.7,1.23
1999/05/01,1332.07,16.45,40.14,166.2,5.54,2002.4,24.73,60.34,42.56,1.23
1999/06/01,1322.55,16.45,41.02,166.2,5.9,1988.09,24.73,61.66,42.18,1.24
1999/07/01,1380.99,16.51,42,166.7,5.79,2069.71,24.75,62.95,43.83,1.2
1999/08/01,1327.49,16.58,42.98,167.1,5.94,1984.76,24.78,64.26,41.93,1.25
1999/09/01,1318.17,16.64,43.96,167.9,5.92,1961.44,24.76,65.41,41.32,1.26
1999/10/01,1300.01,16.66,45.36,168.2,6.11,1930.97,24.74,67.38,40.55,1.28
1999/11/01,1391,16.67,46.77,168.3,6.03,2064.89,24.75,69.42,43.21,1.2
1999/12/01,1428.68,16.69,48.17,168.3,6.28,2120.83,24.78,71.51,44.2,1.17
2000/01/01,1425.59,16.71,49.1,168.8,6.66,2109.97,24.74,72.67,43.77,1.17
2000/02/01,1388.87,16.74,50.02,169.8,6.52,2043.52,24.63,73.6,42.19,1.21
2000/03/01,1442.21,16.76,50.95,171.2,6.26,2104.65,24.46,74.35,43.22,1.16
2000/04/01,1461.36,16.74,51.27,171.3,5.99,2131.35,24.41,74.78,43.53,1.15
2000/05/01,1418.48,16.72,51.6,171.5,6.44,2066.39,24.36,75.16,41.97,1.18
2000/06/01,1461.96,16.7,51.92,172.4,6.1,2118.62,24.2,75.24,42.78,1.14
2000/07/01,1473,16.58,52.51,172.8,6.05,2129.67,23.98,75.92,42.76,1.13
2000/08/01,1485.46,16.47,53.11,172.8,5.83,2147.69,23.81,76.78,42.87,1.11
2000/09/01,1468.05,16.35,53.7,173.7,5.8,2111.52,23.52,77.24,41.9,1.11
2000/10/01,1390.14,16.32,52.47,174,5.74,1996.01,23.44,75.33,39.37,1.17
2000/11/01,1378.04,16.3,51.23,174.1,5.72,1977.5,23.39,73.52,38.78,1.18
2000/12/01,1330.93,16.27,50,174,5.24,1911,23.36,71.79,37.27,1.22
2001/01/01,1335.63,16.17,48.48,175.1,5.16,1905.7,23.07,69.17,36.98,1.21
2001/02/01,1305.75,16.07,46.96,175.8,5.1,1855.65,22.84,66.74,35.83,1.23
2001/03/01,1185.85,15.97,45.44,176.2,4.89,1681.43,22.64,64.43,32.33,1.35
2001/04/01,1189.84,15.88,42.56,176.9,5.14,1680.41,22.42,60.1,32.17,1.33
2001/05/01,1270.37,15.78,39.67,177.7,5.39,1786.06,22.19,55.78,34.07,1.24
2001/06/01,1238.71,15.69,36.79,178,5.28,1738.62,22.02,51.64,33.07,1.27
2001/07/01,1204.45,15.71,33.96,177.5,5.24,1695.29,22.11,47.8,32.16,1.3
2001/08/01,1178.5,15.72,31.14,177.5,4.97,1658.77,22.13,43.83,31.4,1.33
2001/09/01,1044.64,15.74,28.31,178.3,4.73,1463.76,22.06,39.67,27.67,1.51
2001/10/01,1076.59,15.74,27.1,177.7,4.57,1513.62,22.13,38.11,28.58,1.46
2001/11/01,1129.68,15.74,25.9,177.4,4.65,1590.95,22.17,36.47,30.01,1.39
2001/12/01,1144.93,15.74,24.69,176.7,5.09,1618.81,22.25,34.91,30.5,1.37
2002/01/01,1140.21,15.74,24.69,177.1,5.04,1608.5,22.2,34.83,30.28,1.38
2002/02/01,1100.67,15.73,24.7,177.8,4.91,1546.61,22.11,34.7,29.09,1.43
2002/03/01,1153.79,15.73,24.7,178.8,5.28,1612.18,21.98,34.51,30.29,1.36
2002/04/01,1111.93,15.83,25.38,179.8,5.21,1545.05,22,35.27,29.01,1.42
2002/05/01,1079.25,15.94,26.06,179.8,5.16,1499.64,22.14,36.21,28.13,1.48
2002/06/01,1014.02,16.04,26.74,179.9,4.93,1408.22,22.28,37.14,26.39,1.58
2002/07/01,903.59,15.96,27.84,180.1,4.65,1253.46,22.14,38.62,23.46,1.77
2002/08/01,912.55,15.88,28.94,180.7,4.26,1261.69,21.96,40.01,23.59,1.74
2002/09/01,867.81,15.8,30.04,181,3.87,1197.84,21.81,41.46,22.37,1.82
2002/10/01,854.63,15.89,29.22,181.3,3.94,1177.7,21.9,40.27,21.96,1.86
2002/11/01,909.93,15.98,28.41,181.3,4.05,1253.9,22.02,39.15,23.35,1.76
2002/12/01,899.18,16.07,27.59,180.9,4.03,1241.83,22.19,38.1,23.1,1.79
2003/01/01,895.84,16.12,28.5,181.7,4.05,1231.77,22.16,39.19,22.9,1.8
2003/02/01,837.03,16.17,29.41,183.1,3.9,1142.11,22.06,40.13,21.21,1.93
2003/03/01,846.63,16.22,30.32,184.2,3.81,1148.31,22,41.12,21.31,1.92
2003/04/01,890.03,16.2,31.73,183.8,3.96,1209.8,22.02,43.13,22.43,1.82
2003/05/01,935.96,16.19,33.14,183.5,3.57,1274.31,22.04,45.12,23.59,1.73
2003/06/01,988,16.17,34.55,183.7,3.33,1343.7,21.99,46.99,24.83,1.64
2003/07/01,992.54,16.31,35.89,183.9,3.98,1348.41,22.16,48.76,24.87,1.64
2003/08/01,989.53,16.45,37.24,184.6,4.45,1339.22,22.26,50.4,24.64,1.66
2003/09/01,1019.44,16.59,38.58,185.2,4.27,1375.23,22.38,52.04,25.24,1.63
2003/10/01,1038.73,16.86,41.97,185,4.29,1402.77,22.76,56.67,25.68,1.62
2003/11/01,1049.9,17.12,45.35,184.5,4.3,1421.69,23.19,61.41,25.95,1.63
2003/12/01,1080.64,17.39,48.74,184.3,4.27,1464.91,23.57,66.07,26.64,1.61
2004/01/01,1132.52,17.6,49.83,185.2,4.15,1527.77,23.74,67.22,27.66,1.55
2004/02/01,1143.36,17.81,50.91,186.2,4.08,1534.11,23.9,68.31,27.65,1.56
2004/03/01,1123.98,18.02,52,187.4,3.83,1498.45,24.02,69.32,26.89,1.6
2004/04/01,1133.36,18.21,53.38,188,4.35,1506.14,24.2,70.94,26.9,1.61
2004/05/01,1102.78,18.41,54.77,189.1,4.72,1456.97,24.32,72.36,25.9,1.67
2004/06/01,1132.76,18.6,56.15,189.7,4.73,1491.85,24.5,73.95,26.4,1.64
2004/07/01,1105.85,18.79,56.69,189.4,4.5,1458.71,24.78,74.78,25.7,1.7
2004/08/01,1088.94,18.97,57.23,189.5,4.28,1435.65,25.01,75.45,25.17,1.74
2004/09/01,1117.66,19.16,57.77,189.9,4.13,1470.41,25.21,76,25.67,1.71
2004/10/01,1117.21,19.25,58.03,190.9,4.1,1462.12,25.2,75.95,25.41,1.72
2004/11/01,1168.94,19.35,58.29,191,4.19,1529.02,25.31,76.25,26.47,1.66
2004/12/01,1199.21,19.44,58.55,190.3,4.23,1574.38,25.52,76.87,27.14,1.62
2005/01/01,1181.41,19.7,59.11,190.7,4.22,1547.76,25.81,77.44,26.59,1.67
2005/02/01,1199.63,19.97,59.66,191.8,4.17,1562.62,26.01,77.72,26.74,1.66
2005/03/01,1194.9,20.23,60.22,193.3,4.5,1544.38,26.15,77.83,26.34,1.69
2005/04/01,1164.43,20.46,61.23,194.6,4.34,1494.94,26.27,78.61,25.41,1.76
2005/05/01,1178.28,20.7,62.25,194.4,4.14,1514.28,26.6,80,25.65,1.76
2005/06/01,1202.25,20.93,63.26,194.5,4,1544.29,26.88,81.26,26.07,1.74
2005/07/01,1222.24,21.11,64.33,195.4,4.18,1562.74,26.99,82.25,26.29,1.73
2005/08/01,1224.27,21.29,65.4,196.4,4.26,1557.36,27.08,83.19,26.1,1.74
2005/09/01,1225.92,21.47,66.47,198.8,4.2,1540.64,26.98,83.53,25.73,1.75
2005/10/01,1191.96,21.72,67.59,199.2,4.46,1494.95,27.24,84.77,24.88,1.82
2005/11/01,1237.37,21.97,68.71,197.6,4.54,1564.47,27.78,86.87,25.93,1.78
2005/12/01,1262.07,22.22,69.83,196.8,4.47,1602.18,28.21,88.65,26.44,1.76
2006/01/01,1278.73,22.41,70.78,198.3,4.42,1611.05,28.23,89.17,26.47,1.75
2006/02/01,1276.65,22.59,71.72,198.7,4.57,1605.2,28.41,90.18,26.25,1.77
2006/03/01,1293.74,22.78,72.67,199.8,4.72,1617.73,28.48,90.87,26.33,1.76
2006/04/01,1302.17,23,73.28,201.5,4.99,1614.53,28.52,90.85,26.15,1.77
2006/05/01,1290.01,23.22,73.88,202.5,5.11,1591.56,28.65,91.15,25.65,1.8
2006/06/01,1253.17,23.44,74.49,202.9,5.11,1543.06,28.86,91.72,24.75,1.87
2006/07/01,1260.24,23.66,75.85,203.5,5.09,1547.19,29.05,93.12,24.7,1.88
2006/08/01,1287.15,23.88,77.21,203.9,4.88,1577.12,29.26,94.6,25.05,1.85
2006/09/01,1317.74,24.1,78.57,202.9,4.72,1622.56,29.67,96.75,25.64,1.83
2006/10/01,1363.38,24.36,79.55,201.8,4.73,1687.91,30.16,98.49,26.54,1.79
2006/11/01,1388.64,24.62,80.53,201.5,4.6,1721.74,30.53,99.85,26.93,1.77
2006/12/01,1416.42,24.88,81.51,201.8,4.56,1753.58,30.8,100.91,27.28,1.76
2007/01/01,1424.16,25.08,82.06,202.42,4.76,1757.79,30.96,101.28,27.21,1.76
2007/02/01,1444.8,25.29,82.6,203.5,4.72,1773.78,31.04,101.41,27.32,1.75
2007/03/01,1406.95,25.49,83.15,205.35,4.56,1711.72,31.01,101.16,26.23,1.81
2007/04/01,1463.64,25.72,83.74,206.69,4.69,1769.2,31.09,101.22,26.98,1.76
2007/05/01,1511.14,25.94,84.33,207.95,4.75,1815.52,31.17,101.32,27.55,1.72
2007/06/01,1514.19,26.17,84.92,208.35,5.1,1815.67,31.38,101.83,27.42,1.73
2007/07/01,1520.71,26.44,82.81,208.3,5,1823.95,31.71,99.33,27.41,1.74
2007/08/01,1454.62,26.71,80.71,207.92,4.67,1747.89,32.1,96.98,26.15,1.84
2007/09/01,1497.12,26.98,78.6,208.49,4.52,1794.01,32.33,94.19,26.73,1.8
2007/10/01,1539.66,27.23,74.46,208.94,4.53,1841.05,32.56,89.04,27.32,1.77
2007/11/01,1463.39,27.48,70.32,210.18,4.15,1739.52,32.67,83.59,25.73,1.88
2007/12/01,1479.22,27.73,66.18,210.04,4.1,1759.52,32.98,78.72,25.96,1.87
2008/01/01,1378.76,27.92,64.25,211.08,3.74,1631.91,33.05,76.05,24.02,2.03
2008/02/01,1354.87,28.11,62.32,211.69,3.74,1598.99,33.17,73.55,23.5,2.07
2008/03/01,1316.94,28.3,60.39,213.53,3.51,1540.87,33.11,70.66,22.61,2.15
2008/04/01,1370.47,28.44,57.38,214.82,3.68,1593.83,33.07,66.74,23.36,2.08
2008/05/01,1403.22,28.57,54.38,216.63,3.88,1618.29,32.95,62.71,23.7,2.04
2008/06/01,1341.25,28.71,51.37,218.81,4.1,1531.39,32.78,58.65,22.42,2.14
2008/07/01,1257.33,28.76,49.56,219.96,4.01,1428.08,32.66,56.29,20.91,2.29
2008/08/01,1281.47,28.8,47.76,219.09,3.89,1461.33,32.85,54.46,21.4,2.25
2008/09/01,1216.95,28.85,45.95,218.78,3.69,1389.68,32.94,52.47,20.36,2.37
2008/10/01,968.8,28.7,35.59,216.57,3.81,1117.59,33.1,41.06,16.39,2.96
2008/11/01,883.04,28.54,25.24,212.43,3.53,1038.55,33.57,29.68,15.26,3.23
2008/12/01,877.56,28.39,14.88,210.23,2.42,1042.89,33.74,17.68,15.38,3.23
2009/01/01,865.58,28.01,12.21,211.14,2.52,1024.2,33.15,14.44,15.17,3.24
2009/02/01,805.23,27.64,9.53,212.19,2.87,948.08,32.54,11.22,14.12,3.43
2009/03/01,757.13,27.26,6.86,212.71,2.82,889.28,32.02,8.06,13.32,3.6
2009/04/01,848.15,26.7,7.08,213.24,2.93,993.71,31.29,8.29,14.98,3.15
2009/05/01,902.41,26.15,7.29,213.86,3.29,1054.23,30.55,8.52,16,2.9
2009/06/01,926.12,25.59,7.51,215.69,3.72,1072.72,29.64,8.7,16.38,2.76
2009/07/01,935.82,25.03,9.19,215.35,3.56,1085.67,29.03,10.66,16.69,2.67
2009/08/01,1009.73,24.46,10.86,215.83,3.59,1168.8,28.32,12.57,18.09,2.42
2009/09/01,1044.55,23.9,12.54,215.97,3.4,1208.35,27.65,14.51,18.83,2.29
2009/10/01,1067.66,23.4,25.35,216.18,3.39,1233.89,27.05,29.3,19.36,2.19
2009/11/01,1088.07,22.91,38.16,216.33,3.4,1256.59,26.45,44.07,19.81,2.1
2009/12/01,1110.38,22.41,50.97,215.95,3.59,1284.62,25.93,58.97,20.32,2.02
2010/01/01,1123.58,22.24,54.29,216.69,3.73,1295.46,25.64,62.6,20.53,1.98
2010/02/01,1089.16,22.07,57.61,216.74,3.69,1255.47,25.44,66.41,19.92,2.03
2010/03/01,1152.05,21.9,60.93,217.63,3.73,1322.53,25.14,69.95,21,1.9
2010/04/01,1197.32,21.95,62.99,218.01,3.85,1372.11,25.15,72.18,21.8,1.83
2010/05/01,1125.06,21.99,65.04,218.18,3.42,1288.31,25.18,74.48,20.48,1.95
2010/06/01,1083.36,22.04,67.1,217.97,3.2,1241.77,25.26,76.91,19.74,2.03
2010/07/01,1079.8,22.14,68.69,218.01,3.01,1237.43,25.38,78.71,19.67,2.05
2010/08/01,1087.28,22.25,70.27,218.31,2.7,1244.28,25.46,80.42,19.77,2.05
2010/09/01,1122.08,22.35,71.86,218.44,2.65,1283.36,25.56,82.19,20.38,1.99
2010/10/01,1171.58,22.48,73.69,218.71,2.54,1338.31,25.68,84.18,21.24,1.92
2010/11/01,1198.89,22.6,75.52,218.8,2.76,1368.93,25.81,86.23,21.7,1.89
2010/12/01,1241.53,22.73,77.35,219.18,3.29,1415.18,25.91,88.17,22.4,1.83
2011/01/01,1282.62,22.96,78.67,220.22,3.39,1455.09,26.05,89.25,22.98,1.79
2011/02/01,1321.12,23.2,79.99,221.31,3.58,1491.41,26.19,90.3,23.49,1.76
2011/03/01,1304.49,23.43,81.31,223.47,3.41,1458.42,26.19,90.9,22.9,1.8
2011/04/01,1331.51,23.73,82.16,224.91,3.46,1479.1,26.36,91.27,23.14,1.78
2011/05/01,1338.31,24.04,83.02,225.96,3.17,1479.69,26.58,91.79,23.06,1.8
2011/06/01,1287.29,24.34,83.87,225.72,3,1424.81,26.94,92.83,22.1,1.89
2011/07/01,1325.19,24.62,84.91,225.92,3,1465.46,27.23,93.89,22.61,1.86
2011/08/01,1185.31,24.9,85.94,226.54,2.3,1307.17,27.46,94.78,20.05,2.1
2011/09/01,1173.88,25.18,86.98,226.89,1.98,1292.6,27.73,95.78,19.7,2.15
2011/10/01,1207.22,25.6,86.97,226.42,2.15,1332.06,28.24,95.96,20.16,2.12
2011/11/01,1226.42,26.01,86.96,226.23,2.01,1354.39,28.73,96.03,20.35,2.12
2011/12/01,1243.32,26.43,86.95,225.67,1.98,1376.45,29.26,96.26,20.52,2.13
2012/01/01,1300.58,26.74,87.48,226.66,1.97,1433.53,29.47,96.42,21.21,2.06
2012/02/01,1352.49,27.04,88.01,227.66,1.97,1484.21,29.68,96.58,21.8,2
2012/03/01,1389.24,27.35,88.54,229.39,2.17,1513.05,29.79,96.43,22.05,1.97
2012/04/01,1386.43,27.67,88.33,230.09,2.05,1505.44,30.05,95.92,21.78,2
2012/05/01,1341.27,28,88.13,229.81,1.8,1458.12,30.44,95.8,20.94,2.09
2012/06/01,1323.48,28.32,87.92,229.48,1.62,1440.89,30.83,95.72,20.55,2.14
2012/07/01,1359.78,28.74,87.45,229.1,1.53,1482.83,31.34,95.36,21,2.11
2012/08/01,1403.45,29.17,86.97,230.38,1.68,1521.98,31.63,94.32,21.41,2.08
2012/09/01,1443.42,29.59,86.5,231.41,1.72,1558.37,31.95,93.39,21.78,2.05
2012/10/01,1437.82,30.14,86.5,231.32,1.75,1552.93,32.56,93.43,21.58,2.1
2012/11/01,1394.51,30.7,86.51,230.22,1.65,1513.32,33.31,93.88,20.9,2.2
2012/12/01,1422.29,31.25,86.51,229.6,1.72,1547.63,34,94.13,21.24,2.2
2013/01/01,1480.4,31.54,86.91,230.28,1.91,1606.12,34.21,94.29,21.9,2.13
2013/02/01,1512.31,31.82,87.3,232.17,1.98,1627.41,34.25,93.95,22.05,2.1
2013/03/01,1550.83,32.11,87.7,232.77,1.96,1664.51,34.46,94.13,22.42,2.07
2013/04/01,1570.7,32.5,88.78,232.53,1.76,1687.59,34.92,95.39,22.6,2.07
2013/05/01,1639.84,32.88,89.87,232.94,1.93,1758.74,35.27,96.38,23.41,2.01
2013/06/01,1618.77,33.27,90.95,233.5,2.3,1731.99,35.6,97.31,22.93,2.06
2013/07/01,1668.68,33.65,92.09,233.6,2.58,1784.69,35.99,98.49,23.49,2.02
2013/08/01,1670.09,34.02,93.23,233.88,2.74,1784.05,36.34,99.59,23.36,2.04
2013/09/01,1687.17,34.4,94.37,234.15,2.81,1800.2,36.7,100.69,23.44,2.04
2013/10/01,1720.03,34.6,96.31,233.55,2.62,1840,37.01,103.03,23.83,2.01
2013/11/01,1783.54,34.79,98.26,233.07,2.72,1911.84,37.3,105.33,24.64,1.95
2013/12/01,1807.78,34.99,100.2,233.05,2.9,1937.99,37.51,107.42,24.86,1.94
2014/01/01,1822.36,35.4,100.42,233.92,2.86,1946.38,37.81,107.25,24.86,1.94
2014/02/01,1817.04,35.82,100.63,234.78,2.71,1933.55,38.11,107.09,24.59,1.97
2014/03/01,1863.52,36.23,100.85,236.29,2.72,1970.32,38.31,106.63,24.96,1.94
2014/04/01,1864.26,36.61,101.61,237.07,2.71,1964.63,38.58,107.08,24.79,1.96
2014/05/01,1889.77,37,102.36,237.9,2.56,1984.58,38.85,107.5,24.94,1.96
2014/06/01,1947.09,37.38,103.12,238.34,2.6,2040.98,39.18,108.09,25.56,1.92
2014/07/01,1973.1,37.75,104.07,238.25,2.54,2069.05,39.59,109.13,25.82,1.91
2014/08/01,1961.53,38.12,105.01,237.85,2.42,2060.36,40.04,110.3,25.62,1.94
2014/09/01,1993.23,38.49,105.96,238.03,2.53,2092.08,40.4,111.21,25.92,1.93
2014/10/01,1937.27,38.81,104.74,237.43,2.3,2038.46,40.83,110.21,25.16,2
2014/11/01,2044.57,39.12,103.53,236.15,2.33,2163.05,41.39,109.53,26.61,1.91
2014/12/01,2054.27,39.44,102.31,234.81,2.21,2185.7,41.96,108.86,26.79,1.92
2015/01/01,2028.18,39.9,101.29,233.71,1.88,2168.15,42.65,108.28,26.49,1.97
2015/02/01,2082.2,40.35,100.27,234.72,1.98,2216.27,42.95,106.73,27,1.94
2015/03/01,2079.99,40.81,99.25,236.12,2.04,2200.82,43.18,105.02,26.73,1.96
2015/04/01,2094.86,41.12,97.8,236.6,1.94,2212.06,43.42,103.27,26.79,1.96
2015/05/01,2111.94,41.43,96.36,237.81,2.2,2218.78,43.53,101.23,26.81,1.96
2015/06/01,2099.29,41.74,94.91,238.64,2.36,2197.79,43.7,99.36,26.5,1.99
2015/07/01,2094.14,42,93.49,238.65,2.32,2192.26,43.96,97.87,26.38,2.01
2015/08/01,2039.87,42.25,92.08,238.32,2.17,2138.47,44.3,96.53,25.69,2.07
2015/09/01,1944.41,42.51,90.66,237.94,2.17,2041.58,44.63,95.19,24.5,2.19
2015/10/01,2024.81,42.8,89.28,237.84,2.07,2126.95,44.96,93.79,25.49,2.11
2015/11/01,2080.62,43.1,87.91,237.34,2.26,2190.2,45.37,92.54,26.23,2.07
2015/12/01,2054.08,43.39,86.53,236.53,2.24,2169.67,45.83,91.4,25.97,2.11
2016/01/01,1918.6,43.55,86.5,236.92,2.09,2023.23,45.93,91.22,24.21,2.27
2016/02/01,1904.42,43.72,86.47,237.11,1.78,2006.62,46.06,91.11,24,2.3
2016/03/01,2021.95,43.88,86.44,238.13,1.89,2121.32,46.04,90.69,25.37,2.17
2016/04/01,2075.54,44.07,86.6,239.26,1.81,2167.27,46.02,90.43,25.92,2.12
2016/05/01,2065.55,44.27,86.76,240.23,1.81,2148.15,46.04,90.23,25.69,2.14
2016/06/01,2083.89,44.46,86.92,241.02,1.64,2160.13,46.09,90.1,25.84,2.13
2016/07/01,2148.9,44.65,87.64,240.63,1.5,2231.13,46.36,91,26.69,2.08
2016/08/01,2170.95,44.84,88.37,240.85,1.56,2251.95,46.51,91.66,26.95,2.07
2016/09/01,2157.69,45.03,89.09,241.43,1.63,2232.83,46.6,92.19,26.73,2.09
2016/10/01,2143.02,45.25,90.91,241.73,1.76,2214.89,46.77,93.96,26.53,2.11
2016/11/01,2164.99,45.48,92.73,241.35,2.14,2241.08,47.07,95.99,26.85,2.1
2016/12/01,2246.63,45.7,94.55,241.43,2.49,2324.83,47.29,97.84,27.87,2.03
2017/01/01,2275.12,45.93,96.46,242.84,2.43,2340.67,47.25,99.24,28.06,2.02
2017/02/01,2329.91,46.15,98.38,243.6,2.42,2389.52,47.33,100.89,28.66,1.98
2017/03/01,2366.82,46.38,100.29,243.8,2.48,2425.4,47.53,102.77,29.09,1.96
2017/04/01,2359.31,46.66,101.53,244.52,2.3,2410.56,47.67,103.74,28.9,1.98
2017/05/01,2395.35,46.94,102.78,244.73,2.3,2445.29,47.92,104.92,29.31,1.96
2017/06/01,2433.99,47.22,104.02,244.96,2.19,2482.48,48.16,106.09,29.75,1.94
2017/07/01,2454.1,47.54,105.04,244.79,2.32,2504.72,48.52,107.21,30,1.94
2017/08/01,2456.22,47.85,106.06,245.52,2.21,2499.4,48.69,107.92,29.91,1.95
2017/09/01,2492.84,48.17,107.08,246.82,2.2,2523.31,48.76,108.39,30.17,1.93
2017/10/01,2557,48.42,108.01,246.66,2.36,2589.89,49.05,109.4,30.92,1.89
2017/11/01,2593.61,48.68,108.95,246.67,2.35,2626.9,49.3,110.35,31.3,1.88
2017/12/01,2664.34,48.93,109.88,246.52,2.4,2700.13,49.59,111.36,32.09,1.84
